,0.0,0.01,0.02,0.03,0.04,0.05,0.06,0.07,0.08,0.09,0.1,0.11,0.12,0.13,0.14,0.15,0.16,0.17,0.18,0.19,0.2,0.21,0.22,0.23,0.24,0.25,0.26,0.27,0.28,0.29,0.3,0.31,0.32,0.33,0.34,0.35,0.36,0.37,0.38,0.39,0.4,0.41,0.42,0.43,0.44,0.45,0.46,0.47,0.48,0.49,0.5,0.51,0.52,0.53,0.54,0.55,0.56,0.57,0.58,0.59,0.6,0.61,0.62,0.63,0.64,0.65,0.66,0.67,0.68,0.69,0.7,0.71,0.72,0.73,0.74,0.75,0.76,0.77,0.78,0.79,0.8,0.81,0.82,0.83,0.84,0.85,0.86,0.87,0.88,0.89,0.9,0.91,0.92,0.93,0.94,0.95,0.96,0.97,0.98,0.99
0.0,1.0,1.0,1.0,1.0,1.0,1.0,1.0,48.0,2.0,46.0,22.0,1.0,6.0,3.0,11.0,22.0,2.0,11.0,6.0,9.0,44.0,5.0,52.0,8.0,26.0,14.0,10.0,16.0,11.0,9.0,26.0,9.0,28.0,71.0,51.0,7.0,49.0,60.0,17.0,47.0,59.0,12.0,51.0,47.0,64.0,83.0,59.0,35.0,54.0,49.0,49.0,62.0,100.0,60.0,70.0,120.0,65.0,137.0,131.0,100.0,110.0,116.0,150.0,135.0,95.0,123.0,70.0,110.0,158.0,140.0,161.0,99.0,151.0,224.0,222.0,154.0,183.0,187.0,213.0,211.0,213.0,208.0,269.0,241.0,279.0,304.0,322.0,382.0,329.0,263.0,370.0,522.0,418.0,572.0,687.0,692.0,752.0,943.0,1263.0,1455.0
0.01,1.0,1.0,1.0,1.0,1.0,4.0,1.0,4.0,6.0,10.0,6.0,4.0,2.0,2.0,1.0,5.0,46.0,22.0,18.0,28.0,7.0,9.0,5.0,8.0,36.0,23.0,5.0,9.0,75.0,71.0,39.0,31.0,18.0,17.0,16.0,6.0,8.0,75.0,18.0,57.0,67.0,86.0,36.0,26.0,93.0,54.0,87.0,86.0,80.0,71.0,21.0,111.0,96.0,38.0,106.0,57.0,120.0,107.0,109.0,40.0,112.0,124.0,118.0,112.0,141.0,94.0,99.0,106.0,131.0,123.0,158.0,128.0,179.0,173.0,199.0,122.0,249.0,158.0,238.0,202.0,204.0,239.0,285.0,219.0,291.0,300.0,349.0,280.0,330.0,352.0,566.0,439.0,427.0,649.0,511.0,730.0,848.0,974.0,1155.0,1516.0
0.02,1.0,4.0,1.0,1.0,4.0,1.0,2.0,3.0,1.0,4.0,12.0,3.0,8.0,3.0,1.0,23.0,5.0,24.0,5.0,46.0,45.0,48.0,7.0,8.0,15.0,12.0,39.0,16.0,56.0,2.0,48.0,62.0,7.0,8.0,32.0,62.0,28.0,77.0,24.0,72.0,24.0,102.0,32.0,89.0,85.0,54.0,53.0,63.0,78.0,105.0,112.0,83.0,24.0,34.0,48.0,46.0,79.0,107.0,86.0,133.0,125.0,40.0,88.0,63.0,78.0,90.0,96.0,169.0,141.0,115.0,195.0,103.0,161.0,114.0,114.0,172.0,194.0,181.0,208.0,215.0,271.0,273.0,270.0,287.0,283.0,240.0,301.0,371.0,406.0,360.0,415.0,471.0,380.0,495.0,637.0,817.0,656.0,966.0,1154.0,1595.0
0.03,1.0,1.0,2.0,2.0,4.0,17.0,2.0,27.0,5.0,2.0,3.0,2.0,6.0,23.0,5.0,2.0,2.0,4.0,32.0,4.0,46.0,8.0,87.0,16.0,6.0,47.0,30.0,15.0,15.0,2.0,25.0,25.0,57.0,53.0,7.0,15.0,54.0,66.0,39.0,18.0,81.0,27.0,79.0,94.0,43.0,21.0,95.0,23.0,79.0,79.0,54.0,117.0,111.0,82.0,116.0,80.0,96.0,47.0,77.0,67.0,96.0,103.0,109.0,99.0,109.0,137.0,65.0,129.0,124.0,109.0,165.0,179.0,112.0,164.0,144.0,131.0,144.0,211.0,196.0,127.0,222.0,211.0,255.0,245.0,291.0,320.0,296.0,289.0,286.0,434.0,379.0,403.0,462.0,457.0,461.0,608.0,699.0,1120.0,1166.0,1450.0
0.04,1.0,1.0,1.0,1.0,1.0,41.0,1.0,1.0,1.0,7.0,2.0,23.0,13.0,3.0,2.0,4.0,5.0,3.0,19.0,11.0,3.0,3.0,4.0,54.0,9.0,64.0,36.0,49.0,31.0,5.0,25.0,32.0,47.0,16.0,12.0,36.0,21.0,22.0,8.0,46.0,20.0,69.0,17.0,59.0,25.0,56.0,35.0,43.0,88.0,22.0,107.0,88.0,20.0,79.0,86.0,101.0,49.0,65.0,87.0,64.0,100.0,108.0,89.0,68.0,124.0,129.0,99.0,150.0,143.0,111.0,193.0,190.0,119.0,117.0,64.0,255.0,228.0,234.0,163.0,207.0,159.0,256.0,195.0,251.0,251.0,293.0,362.0,292.0,397.0,394.0,354.0,448.0,428.0,490.0,625.0,708.0,641.0,1024.0,1100.0,1564.0
0.05,1.0,1.0,1.0,4.0,1.0,2.0,3.0,42.0,2.0,7.0,41.0,5.0,8.0,43.0,4.0,17.0,8.0,62.0,24.0,14.0,3.0,11.0,5.0,45.0,17.0,60.0,10.0,58.0,45.0,50.0,11.0,57.0,27.0,38.0,75.0,55.0,50.0,65.0,84.0,43.0,24.0,31.0,100.0,71.0,62.0,43.0,29.0,75.0,84.0,81.0,41.0,66.0,73.0,77.0,100.0,52.0,86.0,122.0,85.0,102.0,79.0,134.0,139.0,105.0,98.0,127.0,76.0,131.0,183.0,90.0,162.0,150.0,157.0,165.0,168.0,191.0,227.0,150.0,213.0,237.0,229.0,181.0,249.0,228.0,316.0,292.0,293.0,296.0,466.0,378.0,348.0,425.0,453.0,607.0,630.0,683.0,696.0,875.0,945.0,1602.0
0.06,2.0,1.0,4.0,3.0,40.0,2.0,3.0,3.0,4.0,4.0,3.0,2.0,10.0,8.0,24.0,2.0,48.0,6.0,1.0,10.0,9.0,2.0,61.0,44.0,6.0,26.0,71.0,21.0,4.0,31.0,56.0,43.0,55.0,13.0,64.0,36.0,54.0,10.0,18.0,32.0,27.0,74.0,53.0,43.0,58.0,19.0,76.0,91.0,76.0,69.0,45.0,49.0,36.0,55.0,95.0,55.0,47.0,59.0,78.0,77.0,67.0,68.0,152.0,76.0,132.0,174.0,130.0,59.0,88.0,145.0,157.0,154.0,167.0,111.0,198.0,146.0,166.0,161.0,163.0,193.0,270.0,243.0,299.0,304.0,401.0,327.0,285.0,262.0,328.0,379.0,347.0,446.0,406.0,499.0,594.0,617.0,663.0,867.0,955.0,1436.0
0.07,1.0,3.0,4.0,1.0,16.0,1.0,2.0,3.0,1.0,18.0,4.0,1.0,2.0,21.0,19.0,8.0,8.0,10.0,14.0,5.0,6.0,8.0,23.0,5.0,16.0,6.0,41.0,30.0,15.0,28.0,62.0,51.0,16.0,21.0,44.0,10.0,71.0,65.0,27.0,50.0,21.0,99.0,38.0,70.0,70.0,77.0,41.0,64.0,75.0,125.0,80.0,24.0,48.0,43.0,74.0,68.0,90.0,42.0,88.0,112.0,111.0,99.0,61.0,94.0,70.0,149.0,107.0,97.0,110.0,79.0,124.0,78.0,161.0,114.0,160.0,192.0,217.0,203.0,196.0,211.0,233.0,174.0,199.0,277.0,332.0,253.0,236.0,307.0,329.0,416.0,384.0,404.0,448.0,538.0,558.0,649.0,770.0,909.0,1100.0,1493.0
0.08,1.0,4.0,2.0,3.0,2.0,1.0,3.0,27.0,5.0,4.0,1.0,8.0,18.0,4.0,3.0,17.0,19.0,4.0,20.0,8.0,60.0,7.0,39.0,46.0,5.0,46.0,12.0,54.0,11.0,5.0,57.0,31.0,36.0,13.0,51.0,31.0,64.0,70.0,74.0,37.0,14.0,27.0,18.0,82.0,47.0,105.0,90.0,53.0,58.0,89.0,33.0,98.0,40.0,102.0,69.0,88.0,122.0,70.0,74.0,91.0,90.0,101.0,74.0,103.0,113.0,143.0,110.0,150.0,124.0,86.0,150.0,155.0,127.0,157.0,196.0,172.0,214.0,192.0,186.0,158.0,182.0,196.0,185.0,270.0,290.0,267.0,329.0,284.0,349.0,381.0,371.0,361.0,457.0,448.0,633.0,636.0,733.0,751.0,1205.0,1227.0
0.09,1.0,2.0,4.0,8.0,2.0,1.0,5.0,3.0,3.0,1.0,6.0,2.0,2.0,5.0,4.0,1.0,12.0,3.0,4.0,3.0,58.0,8.0,8.0,3.0,12.0,9.0,61.0,9.0,44.0,65.0,23.0,8.0,58.0,15.0,49.0,16.0,30.0,13.0,80.0,96.0,33.0,45.0,58.0,35.0,60.0,90.0,65.0,85.0,86.0,108.0,87.0,103.0,105.0,43.0,70.0,39.0,98.0,60.0,52.0,64.0,85.0,97.0,77.0,108.0,62.0,119.0,77.0,98.0,111.0,186.0,144.0,149.0,155.0,112.0,121.0,191.0,133.0,193.0,163.0,168.0,178.0,198.0,209.0,182.0,255.0,281.0,295.0,287.0,233.0,324.0,395.0,368.0,494.0,510.0,695.0,658.0,739.0,869.0,1083.0,1467.0
0.1,2.0,1.0,2.0,1.0,4.0,2.0,2.0,41.0,5.0,4.0,8.0,17.0,18.0,9.0,11.0,8.0,3.0,46.0,8.0,12.0,40.0,18.0,30.0,13.0,23.0,21.0,9.0,18.0,36.0,54.0,17.0,41.0,11.0,38.0,25.0,18.0,15.0,11.0,17.0,38.0,26.0,68.0,59.0,53.0,36.0,100.0,39.0,59.0,66.0,103.0,75.0,30.0,53.0,46.0,83.0,75.0,94.0,76.0,109.0,129.0,93.0,118.0,69.0,129.0,109.0,98.0,103.0,103.0,151.0,173.0,97.0,149.0,123.0,122.0,142.0,249.0,196.0,116.0,194.0,242.0,225.0,184.0,215.0,272.0,260.0,228.0,306.0,347.0,339.0,318.0,354.0,368.0,506.0,470.0,526.0,727.0,744.0,797.0,1228.0,1443.0
0.11,3.0,1.0,3.0,5.0,3.0,2.0,1.0,3.0,3.0,41.0,4.0,5.0,55.0,25.0,42.0,40.0,9.0,54.0,13.0,42.0,55.0,8.0,42.0,9.0,1.0,19.0,43.0,47.0,76.0,40.0,3.0,9.0,25.0,63.0,19.0,41.0,50.0,19.0,22.0,68.0,68.0,16.0,65.0,29.0,55.0,55.0,26.0,60.0,69.0,6.0,65.0,85.0,85.0,69.0,59.0,47.0,88.0,83.0,80.0,100.0,145.0,87.0,92.0,69.0,65.0,77.0,86.0,77.0,108.0,103.0,103.0,136.0,155.0,83.0,126.0,178.0,163.0,148.0,212.0,229.0,167.0,209.0,258.0,236.0,191.0,324.0,370.0,308.0,259.0,308.0,399.0,370.0,458.0,455.0,552.0,624.0,700.0,858.0,986.0,1386.0
0.12,1.0,1.0,1.0,3.0,2.0,1.0,41.0,2.0,14.0,3.0,3.0,41.0,2.0,22.0,7.0,3.0,38.0,3.0,39.0,5.0,55.0,23.0,25.0,18.0,19.0,6.0,51.0,42.0,21.0,67.0,7.0,27.0,54.0,35.0,81.0,10.0,14.0,27.0,81.0,16.0,19.0,18.0,59.0,29.0,40.0,19.0,31.0,56.0,89.0,81.0,58.0,36.0,87.0,52.0,123.0,90.0,131.0,51.0,55.0,86.0,77.0,75.0,100.0,103.0,101.0,122.0,98.0,160.0,53.0,180.0,161.0,73.0,131.0,94.0,181.0,199.0,140.0,179.0,143.0,204.0,252.0,155.0,249.0,232.0,272.0,244.0,231.0,337.0,258.0,333.0,319.0,491.0,469.0,540.0,470.0,701.0,689.0,892.0,967.0,1311.0
0.13,1.0,1.0,3.0,2.0,1.0,1.0,2.0,3.0,17.0,50.0,2.0,41.0,44.0,5.0,3.0,2.0,35.0,6.0,58.0,21.0,4.0,8.0,12.0,6.0,2.0,23.0,27.0,6.0,8.0,27.0,67.0,12.0,12.0,52.0,13.0,49.0,57.0,21.0,50.0,69.0,73.0,40.0,49.0,26.0,66.0,55.0,22.0,63.0,83.0,58.0,92.0,48.0,44.0,96.0,97.0,76.0,92.0,94.0,89.0,76.0,59.0,137.0,52.0,47.0,68.0,110.0,115.0,96.0,111.0,104.0,107.0,137.0,133.0,104.0,114.0,116.0,150.0,150.0,170.0,238.0,248.0,178.0,236.0,252.0,193.0,177.0,350.0,322.0,298.0,256.0,381.0,438.0,522.0,505.0,606.0,548.0,587.0,863.0,963.0,1298.0
0.14,1.0,3.0,2.0,4.0,2.0,4.0,2.0,5.0,1.0,4.0,3.0,3.0,7.0,4.0,2.0,40.0,4.0,10.0,4.0,16.0,4.0,70.0,10.0,14.0,18.0,4.0,2.0,9.0,29.0,41.0,16.0,63.0,9.0,10.0,41.0,42.0,12.0,38.0,37.0,11.0,23.0,18.0,57.0,43.0,81.0,42.0,68.0,16.0,80.0,64.0,85.0,80.0,86.0,31.0,44.0,122.0,66.0,81.0,100.0,52.0,85.0,93.0,143.0,100.0,60.0,54.0,134.0,133.0,138.0,119.0,154.0,109.0,212.0,101.0,92.0,149.0,176.0,184.0,246.0,189.0,178.0,135.0,200.0,200.0,237.0,302.0,277.0,318.0,303.0,432.0,346.0,469.0,386.0,580.0,385.0,673.0,559.0,766.0,1039.0,1517.0
0.15,2.0,2.0,4.0,20.0,2.0,3.0,5.0,1.0,2.0,2.0,5.0,15.0,3.0,7.0,15.0,20.0,4.0,4.0,33.0,6.0,60.0,17.0,10.0,2.0,9.0,40.0,5.0,17.0,69.0,21.0,64.0,75.0,14.0,61.0,46.0,12.0,35.0,27.0,42.0,75.0,21.0,34.0,58.0,22.0,39.0,71.0,40.0,72.0,52.0,71.0,90.0,38.0,96.0,62.0,87.0,29.0,88.0,75.0,40.0,61.0,109.0,72.0,98.0,83.0,91.0,81.0,100.0,119.0,115.0,191.0,102.0,99.0,165.0,172.0,160.0,159.0,132.0,140.0,215.0,185.0,177.0,208.0,214.0,228.0,213.0,289.0,199.0,304.0,251.0,305.0,364.0,471.0,370.0,517.0,632.0,579.0,685.0,761.0,970.0,1278.0
0.16,1.0,2.0,4.0,3.0,1.0,4.0,2.0,1.0,17.0,40.0,7.0,2.0,3.0,5.0,5.0,6.0,9.0,13.0,46.0,8.0,11.0,5.0,3.0,9.0,30.0,12.0,6.0,15.0,11.0,60.0,7.0,11.0,62.0,16.0,44.0,50.0,8.0,11.0,27.0,46.0,64.0,30.0,47.0,33.0,14.0,15.0,76.0,72.0,46.0,72.0,45.0,57.0,55.0,104.0,35.0,64.0,59.0,63.0,103.0,43.0,137.0,72.0,64.0,66.0,48.0,121.0,84.0,119.0,100.0,70.0,122.0,121.0,82.0,159.0,164.0,163.0,202.0,157.0,107.0,234.0,160.0,183.0,177.0,211.0,237.0,316.0,212.0,331.0,275.0,276.0,332.0,404.0,365.0,475.0,564.0,553.0,748.0,760.0,949.0,1378.0
0.17,1.0,1.0,38.0,1.0,1.0,1.0,2.0,2.0,3.0,4.0,38.0,4.0,2.0,42.0,7.0,3.0,1.0,5.0,6.0,8.0,16.0,6.0,8.0,6.0,25.0,7.0,11.0,8.0,37.0,9.0,18.0,18.0,4.0,28.0,24.0,39.0,68.0,47.0,33.0,46.0,33.0,52.0,76.0,23.0,50.0,18.0,62.0,50.0,75.0,26.0,79.0,72.0,30.0,44.0,50.0,29.0,42.0,80.0,77.0,80.0,124.0,90.0,118.0,87.0,92.0,131.0,79.0,56.0,76.0,83.0,125.0,110.0,121.0,139.0,111.0,177.0,197.0,187.0,137.0,178.0,192.0,215.0,238.0,207.0,265.0,288.0,243.0,298.0,233.0,331.0,360.0,420.0,402.0,472.0,532.0,639.0,719.0,791.0,973.0,1161.0
0.18,1.0,2.0,2.0,2.0,1.0,3.0,38.0,3.0,5.0,5.0,7.0,4.0,4.0,2.0,6.0,4.0,6.0,6.0,11.0,10.0,5.0,20.0,17.0,3.0,17.0,11.0,4.0,26.0,62.0,20.0,19.0,4.0,6.0,14.0,28.0,48.0,28.0,43.0,17.0,31.0,60.0,25.0,78.0,29.0,46.0,24.0,44.0,75.0,62.0,46.0,50.0,79.0,57.0,57.0,73.0,66.0,59.0,71.0,105.0,96.0,105.0,72.0,135.0,83.0,140.0,79.0,105.0,91.0,102.0,81.0,112.0,141.0,76.0,98.0,144.0,176.0,114.0,172.0,239.0,179.0,189.0,170.0,176.0,250.0,233.0,247.0,221.0,252.0,310.0,296.0,340.0,336.0,532.0,464.0,549.0,560.0,656.0,771.0,932.0,1332.0
0.19,3.0,2.0,1.0,1.0,4.0,2.0,3.0,37.0,2.0,1.0,5.0,2.0,22.0,6.0,6.0,2.0,4.0,13.0,5.0,28.0,54.0,20.0,5.0,6.0,12.0,39.0,6.0,50.0,43.0,19.0,6.0,42.0,4.0,16.0,65.0,58.0,56.0,17.0,20.0,39.0,7.0,43.0,14.0,34.0,71.0,45.0,29.0,66.0,70.0,59.0,90.0,35.0,38.0,81.0,82.0,64.0,65.0,94.0,60.0,102.0,87.0,111.0,102.0,51.0,79.0,104.0,74.0,120.0,149.0,113.0,106.0,151.0,105.0,145.0,140.0,153.0,153.0,153.0,209.0,236.0,147.0,209.0,220.0,205.0,232.0,262.0,274.0,220.0,272.0,367.0,358.0,256.0,397.0,425.0,508.0,651.0,634.0,670.0,1080.0,1238.0
0.2,3.0,4.0,3.0,3.0,3.0,2.0,1.0,4.0,2.0,3.0,2.0,16.0,18.0,9.0,46.0,2.0,7.0,22.0,37.0,5.0,8.0,8.0,9.0,10.0,56.0,56.0,7.0,27.0,32.0,41.0,11.0,10.0,14.0,13.0,50.0,35.0,23.0,11.0,16.0,54.0,70.0,57.0,14.0,30.0,94.0,29.0,51.0,117.0,84.0,71.0,47.0,32.0,61.0,62.0,57.0,33.0,138.0,120.0,72.0,107.0,70.0,95.0,93.0,81.0,41.0,124.0,123.0,123.0,113.0,69.0,151.0,124.0,159.0,160.0,142.0,82.0,102.0,111.0,180.0,189.0,174.0,261.0,184.0,168.0,274.0,247.0,191.0,292.0,267.0,296.0,268.0,306.0,374.0,537.0,543.0,464.0,626.0,800.0,960.0,1152.0
0.21,4.0,2.0,1.0,7.0,2.0,4.0,1.0,15.0,37.0,4.0,36.0,2.0,3.0,19.0,38.0,4.0,19.0,19.0,3.0,56.0,11.0,20.0,4.0,4.0,41.0,14.0,21.0,24.0,60.0,36.0,28.0,9.0,5.0,58.0,45.0,21.0,55.0,54.0,57.0,12.0,35.0,59.0,22.0,8.0,33.0,33.0,70.0,34.0,81.0,61.0,40.0,64.0,51.0,26.0,68.0,103.0,48.0,44.0,81.0,117.0,82.0,46.0,61.0,60.0,117.0,108.0,101.0,141.0,127.0,135.0,81.0,154.0,111.0,201.0,161.0,149.0,129.0,143.0,201.0,190.0,161.0,156.0,172.0,204.0,189.0,278.0,225.0,290.0,212.0,367.0,383.0,411.0,419.0,415.0,506.0,484.0,652.0,737.0,982.0,1253.0
0.22,3.0,2.0,1.0,1.0,2.0,3.0,3.0,4.0,2.0,6.0,5.0,4.0,3.0,3.0,2.0,47.0,9.0,7.0,3.0,10.0,48.0,16.0,7.0,54.0,18.0,19.0,7.0,50.0,10.0,52.0,4.0,29.0,28.0,10.0,24.0,23.0,15.0,12.0,60.0,53.0,35.0,82.0,44.0,23.0,60.0,24.0,69.0,41.0,65.0,18.0,40.0,64.0,68.0,64.0,28.0,62.0,101.0,53.0,103.0,80.0,74.0,90.0,108.0,74.0,54.0,61.0,60.0,98.0,115.0,148.0,149.0,147.0,99.0,142.0,127.0,128.0,140.0,183.0,175.0,146.0,192.0,174.0,238.0,231.0,246.0,247.0,242.0,240.0,252.0,305.0,372.0,366.0,469.0,368.0,434.0,617.0,692.0,729.0,960.0,1150.0
0.23,1.0,3.0,1.0,4.0,4.0,7.0,3.0,3.0,6.0,5.0,3.0,5.0,7.0,8.0,4.0,6.0,10.0,18.0,3.0,16.0,12.0,6.0,5.0,5.0,8.0,19.0,8.0,39.0,52.0,17.0,24.0,30.0,29.0,31.0,16.0,46.0,47.0,10.0,25.0,52.0,64.0,39.0,66.0,20.0,52.0,28.0,43.0,67.0,91.0,72.0,33.0,18.0,53.0,68.0,114.0,76.0,68.0,86.0,81.0,90.0,87.0,109.0,30.0,113.0,97.0,99.0,122.0,117.0,150.0,43.0,160.0,115.0,100.0,116.0,122.0,108.0,130.0,144.0,83.0,200.0,216.0,182.0,184.0,142.0,294.0,240.0,267.0,251.0,260.0,253.0,334.0,403.0,404.0,465.0,602.0,561.0,665.0,732.0,867.0,1231.0
0.24,3.0,4.0,3.0,1.0,3.0,1.0,2.0,2.0,2.0,5.0,8.0,33.0,35.0,3.0,9.0,1.0,7.0,5.0,8.0,8.0,4.0,4.0,55.0,13.0,44.0,8.0,25.0,22.0,12.0,30.0,33.0,9.0,35.0,35.0,36.0,49.0,66.0,17.0,60.0,61.0,24.0,9.0,43.0,15.0,28.0,60.0,87.0,30.0,48.0,52.0,35.0,41.0,27.0,66.0,63.0,76.0,30.0,60.0,89.0,59.0,63.0,92.0,111.0,127.0,95.0,136.0,92.0,83.0,118.0,104.0,132.0,104.0,133.0,142.0,173.0,78.0,159.0,147.0,118.0,193.0,146.0,195.0,188.0,249.0,235.0,260.0,260.0,228.0,290.0,302.0,297.0,353.0,404.0,397.0,500.0,609.0,741.0,684.0,1033.0,1053.0
0.25,2.0,2.0,1.0,4.0,2.0,2.0,3.0,2.0,3.0,3.0,2.0,14.0,2.0,4.0,38.0,2.0,15.0,7.0,35.0,3.0,14.0,20.0,21.0,42.0,38.0,14.0,25.0,12.0,58.0,29.0,21.0,14.0,9.0,41.0,52.0,15.0,31.0,62.0,17.0,29.0,38.0,39.0,21.0,42.0,18.0,43.0,25.0,83.0,30.0,35.0,65.0,48.0,63.0,44.0,41.0,23.0,97.0,63.0,102.0,54.0,94.0,58.0,70.0,98.0,72.0,90.0,89.0,82.0,93.0,63.0,126.0,83.0,136.0,77.0,142.0,151.0,122.0,127.0,170.0,162.0,201.0,198.0,204.0,200.0,269.0,190.0,224.0,237.0,271.0,308.0,332.0,395.0,374.0,394.0,413.0,470.0,586.0,639.0,813.0,1201.0
0.26,1.0,4.0,3.0,11.0,2.0,2.0,2.0,4.0,15.0,3.0,10.0,10.0,5.0,4.0,8.0,33.0,5.0,7.0,4.0,5.0,12.0,20.0,5.0,6.0,40.0,17.0,21.0,14.0,20.0,6.0,12.0,20.0,26.0,45.0,21.0,40.0,41.0,61.0,19.0,15.0,25.0,52.0,20.0,35.0,57.0,35.0,59.0,65.0,70.0,63.0,72.0,37.0,66.0,41.0,68.0,32.0,39.0,54.0,48.0,104.0,93.0,66.0,69.0,94.0,64.0,77.0,85.0,118.0,65.0,75.0,97.0,97.0,98.0,101.0,148.0,116.0,142.0,183.0,208.0,166.0,178.0,164.0,177.0,208.0,191.0,237.0,213.0,269.0,296.0,295.0,277.0,372.0,413.0,401.0,441.0,495.0,477.0,714.0,890.0,1072.0
0.27,2.0,3.0,1.0,6.0,2.0,3.0,2.0,3.0,5.0,2.0,5.0,5.0,4.0,7.0,39.0,19.0,8.0,34.0,5.0,9.0,10.0,15.0,4.0,22.0,3.0,12.0,20.0,11.0,6.0,9.0,14.0,20.0,5.0,33.0,9.0,16.0,12.0,50.0,42.0,54.0,8.0,39.0,33.0,47.0,42.0,34.0,80.0,51.0,39.0,66.0,65.0,24.0,53.0,74.0,89.0,85.0,98.0,121.0,91.0,64.0,72.0,67.0,88.0,73.0,96.0,53.0,96.0,75.0,122.0,117.0,98.0,127.0,141.0,157.0,127.0,75.0,157.0,141.0,170.0,191.0,123.0,183.0,188.0,187.0,233.0,234.0,223.0,198.0,303.0,199.0,323.0,342.0,394.0,419.0,399.0,495.0,503.0,644.0,932.0,1272.0
0.28,2.0,33.0,3.0,2.0,4.0,4.0,6.0,1.0,5.0,4.0,3.0,4.0,8.0,8.0,10.0,4.0,35.0,5.0,6.0,42.0,7.0,7.0,39.0,38.0,29.0,20.0,54.0,39.0,4.0,23.0,12.0,10.0,52.0,35.0,40.0,9.0,35.0,73.0,20.0,35.0,24.0,67.0,18.0,27.0,48.0,55.0,21.0,68.0,74.0,74.0,80.0,67.0,79.0,80.0,82.0,79.0,40.0,73.0,76.0,98.0,71.0,41.0,87.0,86.0,81.0,68.0,81.0,121.0,120.0,162.0,97.0,129.0,114.0,67.0,108.0,127.0,120.0,154.0,124.0,164.0,162.0,172.0,191.0,191.0,219.0,254.0,237.0,252.0,273.0,255.0,282.0,295.0,417.0,448.0,471.0,504.0,533.0,815.0,799.0,1050.0
0.29,3.0,3.0,16.0,2.0,3.0,4.0,5.0,34.0,7.0,8.0,8.0,3.0,6.0,19.0,25.0,10.0,4.0,9.0,42.0,7.0,6.0,27.0,2.0,12.0,10.0,23.0,9.0,2.0,18.0,46.0,44.0,39.0,54.0,8.0,14.0,33.0,52.0,52.0,46.0,37.0,47.0,32.0,17.0,47.0,19.0,22.0,59.0,26.0,17.0,48.0,74.0,20.0,20.0,72.0,60.0,82.0,26.0,83.0,75.0,60.0,66.0,53.0,78.0,89.0,91.0,85.0,82.0,113.0,51.0,118.0,88.0,86.0,126.0,120.0,91.0,129.0,130.0,97.0,193.0,187.0,158.0,159.0,173.0,241.0,223.0,278.0,248.0,253.0,270.0,245.0,297.0,317.0,350.0,363.0,481.0,512.0,555.0,646.0,837.0,1112.0
0.3,4.0,3.0,2.0,2.0,1.0,2.0,4.0,7.0,3.0,6.0,15.0,41.0,3.0,7.0,7.0,3.0,3.0,6.0,5.0,7.0,8.0,35.0,11.0,3.0,7.0,34.0,31.0,20.0,20.0,17.0,24.0,42.0,59.0,18.0,58.0,59.0,56.0,65.0,31.0,10.0,39.0,35.0,61.0,61.0,13.0,46.0,35.0,48.0,64.0,62.0,78.0,40.0,67.0,31.0,47.0,51.0,89.0,47.0,65.0,71.0,84.0,98.0,89.0,72.0,117.0,70.0,112.0,110.0,102.0,88.0,82.0,101.0,94.0,99.0,105.0,102.0,101.0,174.0,151.0,157.0,147.0,177.0,178.0,177.0,201.0,214.0,240.0,292.0,284.0,306.0,290.0,386.0,347.0,415.0,503.0,486.0,577.0,668.0,923.0,1129.0
0.31,1.0,3.0,2.0,5.0,2.0,5.0,2.0,1.0,37.0,6.0,2.0,22.0,8.0,4.0,5.0,21.0,12.0,49.0,6.0,4.0,9.0,47.0,30.0,16.0,19.0,8.0,36.0,10.0,8.0,43.0,22.0,42.0,27.0,17.0,21.0,29.0,63.0,21.0,21.0,35.0,38.0,59.0,33.0,29.0,40.0,42.0,25.0,29.0,24.0,67.0,62.0,31.0,71.0,71.0,24.0,52.0,62.0,61.0,81.0,114.0,91.0,71.0,83.0,42.0,77.0,117.0,46.0,83.0,104.0,118.0,78.0,96.0,143.0,121.0,92.0,126.0,151.0,100.0,141.0,142.0,160.0,178.0,174.0,173.0,246.0,192.0,237.0,270.0,246.0,254.0,291.0,261.0,385.0,406.0,492.0,472.0,613.0,650.0,800.0,1178.0
0.32,4.0,5.0,4.0,3.0,3.0,1.0,3.0,3.0,2.0,2.0,3.0,1.0,2.0,5.0,5.0,3.0,22.0,4.0,10.0,16.0,35.0,10.0,8.0,15.0,4.0,8.0,39.0,8.0,22.0,23.0,6.0,47.0,18.0,42.0,30.0,31.0,26.0,40.0,19.0,26.0,25.0,16.0,45.0,13.0,36.0,44.0,66.0,67.0,27.0,35.0,38.0,59.0,70.0,58.0,28.0,54.0,72.0,77.0,31.0,60.0,71.0,66.0,62.0,77.0,93.0,100.0,87.0,66.0,71.0,65.0,135.0,114.0,110.0,137.0,139.0,124.0,105.0,111.0,145.0,159.0,129.0,193.0,182.0,156.0,203.0,160.0,210.0,206.0,201.0,278.0,268.0,303.0,316.0,466.0,366.0,508.0,598.0,612.0,812.0,1019.0
0.33,2.0,1.0,5.0,3.0,6.0,4.0,2.0,4.0,4.0,12.0,35.0,4.0,2.0,41.0,2.0,27.0,3.0,2.0,7.0,9.0,7.0,6.0,9.0,8.0,18.0,16.0,10.0,11.0,10.0,22.0,8.0,10.0,16.0,13.0,13.0,31.0,12.0,38.0,10.0,31.0,18.0,31.0,26.0,58.0,62.0,35.0,47.0,30.0,46.0,23.0,21.0,61.0,66.0,70.0,83.0,49.0,31.0,54.0,77.0,75.0,69.0,80.0,85.0,85.0,61.0,89.0,70.0,40.0,73.0,84.0,115.0,101.0,103.0,132.0,143.0,99.0,159.0,113.0,106.0,167.0,141.0,133.0,148.0,182.0,210.0,179.0,197.0,292.0,186.0,253.0,240.0,302.0,324.0,355.0,331.0,475.0,425.0,540.0,859.0,949.0
0.34,2.0,4.0,3.0,13.0,3.0,23.0,3.0,3.0,3.0,2.0,3.0,3.0,24.0,12.0,3.0,32.0,2.0,4.0,11.0,21.0,27.0,11.0,12.0,16.0,38.0,5.0,23.0,10.0,15.0,20.0,16.0,19.0,35.0,19.0,20.0,20.0,39.0,34.0,11.0,24.0,54.0,10.0,48.0,45.0,64.0,21.0,20.0,39.0,68.0,53.0,79.0,63.0,37.0,56.0,33.0,46.0,44.0,118.0,34.0,44.0,97.0,70.0,80.0,83.0,92.0,56.0,53.0,121.0,75.0,106.0,92.0,99.0,140.0,129.0,116.0,76.0,132.0,149.0,125.0,174.0,162.0,215.0,168.0,164.0,193.0,174.0,151.0,226.0,292.0,275.0,319.0,230.0,346.0,350.0,377.0,458.0,465.0,571.0,693.0,1080.0
0.35,1.0,2.0,4.0,6.0,6.0,3.0,4.0,2.0,1.0,6.0,3.0,5.0,5.0,38.0,33.0,18.0,8.0,8.0,4.0,11.0,7.0,7.0,10.0,7.0,9.0,16.0,19.0,8.0,25.0,35.0,36.0,36.0,22.0,12.0,20.0,22.0,58.0,38.0,13.0,15.0,23.0,68.0,19.0,25.0,70.0,42.0,27.0,48.0,35.0,56.0,70.0,78.0,54.0,63.0,33.0,67.0,74.0,54.0,89.0,56.0,63.0,67.0,49.0,63.0,95.0,77.0,93.0,127.0,108.0,52.0,92.0,134.0,110.0,97.0,123.0,130.0,93.0,135.0,119.0,189.0,138.0,216.0,181.0,162.0,203.0,238.0,203.0,233.0,243.0,241.0,287.0,259.0,346.0,418.0,396.0,462.0,560.0,711.0,737.0,887.0
0.36,3.0,2.0,3.0,2.0,4.0,4.0,5.0,3.0,5.0,7.0,11.0,7.0,4.0,8.0,27.0,8.0,7.0,16.0,5.0,8.0,8.0,14.0,47.0,6.0,14.0,10.0,19.0,19.0,34.0,51.0,31.0,52.0,21.0,46.0,37.0,33.0,54.0,16.0,51.0,56.0,47.0,29.0,43.0,73.0,51.0,43.0,22.0,42.0,26.0,53.0,31.0,40.0,29.0,46.0,26.0,47.0,45.0,54.0,63.0,67.0,85.0,69.0,52.0,71.0,65.0,58.0,56.0,66.0,97.0,100.0,99.0,86.0,109.0,81.0,145.0,101.0,153.0,98.0,141.0,160.0,150.0,155.0,217.0,183.0,189.0,190.0,193.0,271.0,217.0,261.0,324.0,325.0,332.0,309.0,371.0,458.0,454.0,605.0,811.0,1015.0
0.37,3.0,4.0,2.0,1.0,4.0,5.0,3.0,3.0,3.0,26.0,6.0,3.0,5.0,6.0,5.0,8.0,9.0,5.0,34.0,22.0,11.0,7.0,27.0,3.0,3.0,36.0,6.0,12.0,7.0,23.0,49.0,20.0,24.0,14.0,26.0,53.0,10.0,42.0,29.0,57.0,41.0,20.0,12.0,35.0,49.0,18.0,54.0,49.0,20.0,31.0,35.0,64.0,34.0,46.0,57.0,72.0,71.0,65.0,82.0,87.0,48.0,91.0,73.0,48.0,66.0,90.0,67.0,92.0,86.0,111.0,74.0,60.0,97.0,99.0,89.0,139.0,130.0,109.0,94.0,104.0,154.0,151.0,168.0,164.0,167.0,196.0,219.0,210.0,239.0,293.0,264.0,335.0,340.0,318.0,384.0,443.0,487.0,569.0,702.0,1069.0
0.38,2.0,2.0,3.0,6.0,2.0,3.0,3.0,4.0,3.0,2.0,4.0,6.0,5.0,3.0,3.0,5.0,3.0,13.0,5.0,7.0,7.0,10.0,11.0,8.0,15.0,34.0,9.0,32.0,9.0,9.0,21.0,20.0,23.0,18.0,62.0,28.0,61.0,37.0,36.0,29.0,39.0,50.0,13.0,30.0,17.0,29.0,23.0,71.0,20.0,66.0,48.0,45.0,42.0,36.0,43.0,64.0,38.0,65.0,55.0,54.0,59.0,51.0,74.0,81.0,54.0,54.0,87.0,80.0,94.0,68.0,88.0,130.0,101.0,103.0,110.0,143.0,132.0,128.0,158.0,158.0,114.0,143.0,167.0,190.0,177.0,194.0,223.0,211.0,284.0,218.0,186.0,351.0,346.0,387.0,441.0,431.0,568.0,602.0,743.0,1100.0
0.39,5.0,4.0,3.0,4.0,6.0,1.0,2.0,3.0,4.0,38.0,9.0,3.0,5.0,4.0,8.0,3.0,12.0,9.0,5.0,9.0,14.0,4.0,5.0,4.0,24.0,6.0,3.0,36.0,42.0,10.0,8.0,46.0,11.0,43.0,25.0,54.0,45.0,29.0,41.0,21.0,11.0,38.0,44.0,22.0,13.0,59.0,35.0,15.0,38.0,14.0,55.0,46.0,45.0,63.0,56.0,47.0,35.0,67.0,64.0,50.0,80.0,68.0,78.0,115.0,51.0,87.0,74.0,55.0,89.0,90.0,67.0,110.0,89.0,133.0,107.0,120.0,116.0,120.0,108.0,169.0,108.0,130.0,164.0,165.0,169.0,268.0,225.0,223.0,234.0,266.0,270.0,244.0,276.0,341.0,362.0,510.0,513.0,425.0,787.0,947.0
0.4,4.0,4.0,11.0,2.0,3.0,2.0,3.0,1.0,4.0,3.0,2.0,2.0,7.0,9.0,1.0,23.0,2.0,2.0,9.0,38.0,6.0,12.0,25.0,6.0,22.0,5.0,34.0,9.0,40.0,19.0,42.0,26.0,45.0,41.0,12.0,40.0,42.0,3.0,55.0,6.0,19.0,34.0,29.0,47.0,79.0,43.0,27.0,36.0,35.0,47.0,70.0,27.0,62.0,76.0,44.0,49.0,31.0,59.0,88.0,41.0,81.0,75.0,41.0,59.0,46.0,50.0,84.0,76.0,60.0,85.0,103.0,94.0,88.0,148.0,103.0,86.0,117.0,108.0,95.0,144.0,130.0,116.0,167.0,130.0,196.0,140.0,154.0,246.0,243.0,207.0,292.0,241.0,252.0,323.0,342.0,497.0,481.0,577.0,754.0,895.0
0.41,4.0,4.0,3.0,2.0,11.0,14.0,3.0,4.0,5.0,9.0,4.0,9.0,6.0,9.0,1.0,8.0,7.0,4.0,9.0,10.0,3.0,4.0,7.0,15.0,6.0,32.0,6.0,8.0,10.0,12.0,20.0,3.0,14.0,45.0,28.0,13.0,15.0,57.0,36.0,35.0,13.0,11.0,31.0,18.0,61.0,41.0,40.0,48.0,19.0,28.0,47.0,78.0,21.0,73.0,36.0,37.0,59.0,51.0,68.0,62.0,71.0,80.0,80.0,61.0,95.0,82.0,87.0,85.0,84.0,90.0,123.0,84.0,82.0,93.0,105.0,100.0,138.0,156.0,101.0,113.0,84.0,139.0,171.0,176.0,130.0,182.0,236.0,223.0,171.0,216.0,266.0,316.0,323.0,360.0,346.0,374.0,501.0,546.0,678.0,830.0
0.42,1.0,3.0,5.0,1.0,2.0,7.0,3.0,4.0,4.0,8.0,32.0,6.0,13.0,9.0,3.0,8.0,11.0,5.0,6.0,4.0,8.0,10.0,29.0,14.0,10.0,7.0,12.0,25.0,45.0,6.0,10.0,20.0,17.0,24.0,7.0,19.0,20.0,51.0,25.0,40.0,54.0,47.0,36.0,32.0,33.0,39.0,40.0,39.0,49.0,69.0,25.0,60.0,32.0,64.0,29.0,68.0,61.0,53.0,53.0,61.0,63.0,56.0,40.0,67.0,49.0,97.0,84.0,65.0,80.0,68.0,61.0,98.0,113.0,57.0,90.0,100.0,74.0,122.0,118.0,150.0,125.0,100.0,145.0,143.0,149.0,183.0,195.0,225.0,205.0,210.0,257.0,291.0,284.0,285.0,352.0,401.0,549.0,606.0,717.0,1047.0
0.43,3.0,5.0,3.0,2.0,4.0,2.0,7.0,7.0,7.0,5.0,5.0,32.0,42.0,33.0,4.0,6.0,1.0,28.0,12.0,7.0,18.0,7.0,7.0,18.0,15.0,16.0,18.0,24.0,49.0,18.0,38.0,15.0,38.0,15.0,34.0,25.0,5.0,25.0,34.0,32.0,46.0,45.0,23.0,33.0,21.0,37.0,21.0,53.0,63.0,38.0,59.0,37.0,55.0,42.0,18.0,47.0,84.0,38.0,80.0,64.0,33.0,50.0,36.0,42.0,59.0,92.0,91.0,69.0,95.0,66.0,91.0,44.0,96.0,52.0,117.0,126.0,116.0,113.0,139.0,55.0,133.0,134.0,156.0,196.0,147.0,170.0,234.0,236.0,191.0,246.0,241.0,300.0,268.0,284.0,304.0,342.0,445.0,510.0,587.0,940.0
0.44,1.0,7.0,4.0,4.0,2.0,3.0,5.0,4.0,7.0,4.0,2.0,3.0,7.0,6.0,4.0,1.0,8.0,5.0,16.0,14.0,18.0,6.0,5.0,22.0,2.0,9.0,16.0,9.0,13.0,4.0,15.0,16.0,16.0,32.0,36.0,21.0,9.0,11.0,8.0,44.0,10.0,21.0,34.0,20.0,23.0,69.0,44.0,40.0,63.0,25.0,35.0,45.0,74.0,52.0,9.0,60.0,49.0,71.0,67.0,55.0,23.0,94.0,26.0,68.0,107.0,78.0,88.0,43.0,39.0,72.0,79.0,72.0,116.0,108.0,89.0,108.0,90.0,93.0,107.0,94.0,146.0,148.0,163.0,123.0,124.0,150.0,167.0,183.0,213.0,236.0,246.0,275.0,289.0,293.0,349.0,385.0,543.0,561.0,656.0,981.0
0.45,3.0,2.0,5.0,2.0,1.0,6.0,6.0,4.0,3.0,7.0,9.0,17.0,9.0,6.0,5.0,19.0,36.0,5.0,5.0,30.0,2.0,6.0,3.0,18.0,22.0,18.0,7.0,7.0,26.0,15.0,54.0,10.0,30.0,28.0,17.0,8.0,39.0,58.0,37.0,8.0,28.0,23.0,39.0,53.0,22.0,56.0,27.0,15.0,54.0,20.0,18.0,36.0,56.0,74.0,86.0,28.0,49.0,46.0,44.0,51.0,58.0,48.0,87.0,81.0,56.0,82.0,72.0,92.0,118.0,106.0,101.0,109.0,98.0,47.0,99.0,73.0,79.0,107.0,94.0,140.0,83.0,138.0,151.0,91.0,113.0,233.0,188.0,193.0,186.0,194.0,227.0,209.0,256.0,305.0,356.0,324.0,523.0,479.0,568.0,810.0
0.46,1.0,4.0,2.0,3.0,5.0,4.0,13.0,6.0,7.0,5.0,5.0,2.0,4.0,14.0,4.0,5.0,13.0,10.0,5.0,3.0,8.0,6.0,9.0,52.0,12.0,21.0,10.0,28.0,14.0,8.0,6.0,13.0,43.0,17.0,62.0,16.0,43.0,48.0,16.0,26.0,16.0,11.0,59.0,60.0,23.0,30.0,49.0,30.0,60.0,37.0,30.0,66.0,44.0,50.0,63.0,53.0,65.0,29.0,56.0,33.0,41.0,111.0,53.0,68.0,56.0,85.0,86.0,66.0,92.0,67.0,71.0,103.0,117.0,52.0,106.0,92.0,87.0,84.0,103.0,135.0,151.0,118.0,151.0,126.0,180.0,161.0,164.0,150.0,209.0,220.0,231.0,266.0,237.0,306.0,366.0,386.0,426.0,508.0,593.0,875.0
0.47,3.0,3.0,2.0,2.0,2.0,5.0,7.0,5.0,4.0,7.0,38.0,7.0,7.0,2.0,6.0,3.0,8.0,4.0,5.0,4.0,5.0,10.0,12.0,30.0,15.0,8.0,17.0,32.0,11.0,7.0,11.0,21.0,15.0,16.0,21.0,39.0,51.0,17.0,13.0,17.0,37.0,18.0,26.0,27.0,36.0,39.0,25.0,48.0,30.0,37.0,73.0,57.0,32.0,47.0,69.0,61.0,37.0,62.0,42.0,46.0,53.0,62.0,63.0,63.0,34.0,73.0,101.0,79.0,64.0,63.0,89.0,83.0,84.0,81.0,64.0,64.0,121.0,85.0,116.0,146.0,148.0,151.0,185.0,157.0,172.0,165.0,143.0,172.0,205.0,195.0,187.0,233.0,212.0,249.0,385.0,392.0,463.0,586.0,712.0,956.0
0.48,4.0,3.0,3.0,2.0,5.0,4.0,2.0,13.0,2.0,4.0,2.0,2.0,21.0,4.0,7.0,7.0,6.0,10.0,12.0,13.0,4.0,6.0,9.0,5.0,9.0,10.0,9.0,36.0,42.0,14.0,6.0,16.0,36.0,11.0,19.0,41.0,33.0,19.0,15.0,24.0,40.0,31.0,47.0,42.0,31.0,26.0,23.0,36.0,43.0,59.0,19.0,22.0,58.0,60.0,26.0,56.0,77.0,52.0,43.0,35.0,55.0,58.0,68.0,66.0,65.0,48.0,48.0,84.0,67.0,75.0,107.0,59.0,115.0,105.0,119.0,107.0,104.0,95.0,109.0,120.0,107.0,119.0,132.0,127.0,149.0,128.0,170.0,215.0,202.0,198.0,242.0,209.0,285.0,292.0,247.0,350.0,417.0,577.0,652.0,891.0
0.49,3.0,4.0,2.0,4.0,4.0,9.0,4.0,5.0,4.0,3.0,4.0,5.0,21.0,7.0,5.0,3.0,24.0,11.0,6.0,25.0,32.0,7.0,18.0,7.0,8.0,29.0,5.0,37.0,20.0,9.0,6.0,35.0,36.0,6.0,11.0,10.0,11.0,25.0,26.0,14.0,19.0,11.0,40.0,37.0,30.0,55.0,40.0,61.0,18.0,22.0,16.0,37.0,67.0,45.0,20.0,27.0,50.0,40.0,58.0,53.0,52.0,89.0,58.0,39.0,73.0,70.0,59.0,68.0,97.0,54.0,76.0,74.0,46.0,92.0,51.0,89.0,95.0,108.0,120.0,102.0,88.0,114.0,104.0,151.0,143.0,191.0,157.0,153.0,198.0,170.0,193.0,204.0,237.0,273.0,288.0,352.0,366.0,512.0,538.0,868.0
0.5,5.0,3.0,3.0,5.0,6.0,2.0,4.0,3.0,5.0,7.0,3.0,7.0,10.0,3.0,4.0,5.0,8.0,45.0,12.0,13.0,6.0,25.0,15.0,9.0,18.0,34.0,9.0,15.0,6.0,22.0,21.0,28.0,36.0,7.0,9.0,32.0,16.0,16.0,12.0,45.0,19.0,19.0,28.0,58.0,20.0,26.0,57.0,42.0,58.0,22.0,58.0,41.0,43.0,39.0,45.0,45.0,54.0,55.0,35.0,42.0,34.0,71.0,65.0,49.0,79.0,53.0,46.0,64.0,46.0,45.0,74.0,89.0,81.0,77.0,65.0,80.0,85.0,114.0,104.0,94.0,149.0,133.0,135.0,147.0,144.0,179.0,154.0,164.0,219.0,165.0,178.0,255.0,205.0,253.0,269.0,306.0,434.0,409.0,513.0,855.0
0.51,5.0,3.0,6.0,3.0,2.0,3.0,15.0,4.0,3.0,3.0,3.0,2.0,20.0,18.0,5.0,3.0,11.0,12.0,6.0,5.0,5.0,4.0,7.0,12.0,17.0,16.0,22.0,29.0,6.0,9.0,16.0,18.0,10.0,47.0,15.0,20.0,41.0,16.0,14.0,26.0,6.0,36.0,47.0,30.0,15.0,39.0,9.0,33.0,64.0,42.0,30.0,53.0,23.0,31.0,45.0,48.0,34.0,35.0,31.0,49.0,39.0,51.0,36.0,49.0,75.0,69.0,68.0,78.0,52.0,60.0,95.0,102.0,74.0,93.0,100.0,96.0,76.0,148.0,104.0,151.0,112.0,124.0,108.0,167.0,155.0,128.0,151.0,169.0,207.0,270.0,194.0,220.0,267.0,309.0,279.0,364.0,489.0,524.0,610.0,834.0
0.52,3.0,3.0,2.0,3.0,3.0,4.0,13.0,2.0,4.0,10.0,3.0,13.0,2.0,27.0,5.0,4.0,27.0,7.0,8.0,4.0,7.0,5.0,22.0,39.0,4.0,12.0,29.0,9.0,15.0,13.0,10.0,10.0,16.0,26.0,11.0,17.0,10.0,12.0,37.0,41.0,20.0,24.0,13.0,14.0,17.0,21.0,27.0,10.0,20.0,48.0,51.0,37.0,34.0,24.0,47.0,25.0,40.0,18.0,66.0,47.0,60.0,43.0,49.0,45.0,74.0,57.0,71.0,73.0,52.0,61.0,86.0,84.0,98.0,75.0,68.0,100.0,72.0,89.0,68.0,81.0,114.0,104.0,169.0,135.0,119.0,179.0,194.0,180.0,145.0,136.0,286.0,249.0,260.0,242.0,300.0,390.0,488.0,457.0,661.0,728.0
0.53,4.0,4.0,3.0,6.0,21.0,2.0,6.0,15.0,8.0,5.0,10.0,5.0,7.0,5.0,20.0,6.0,6.0,4.0,7.0,4.0,11.0,7.0,9.0,6.0,10.0,8.0,12.0,6.0,33.0,8.0,9.0,32.0,32.0,16.0,14.0,36.0,11.0,37.0,33.0,37.0,20.0,21.0,34.0,13.0,35.0,41.0,38.0,27.0,26.0,20.0,38.0,24.0,26.0,40.0,35.0,76.0,15.0,53.0,49.0,76.0,52.0,60.0,83.0,68.0,75.0,100.0,68.0,62.0,61.0,92.0,72.0,81.0,53.0,87.0,82.0,63.0,72.0,119.0,88.0,123.0,117.0,119.0,104.0,129.0,145.0,132.0,147.0,153.0,216.0,192.0,206.0,237.0,254.0,248.0,269.0,386.0,411.0,351.0,531.0,798.0
0.54,2.0,4.0,2.0,5.0,7.0,5.0,3.0,1.0,4.0,3.0,5.0,7.0,5.0,6.0,8.0,4.0,9.0,22.0,16.0,23.0,12.0,14.0,38.0,9.0,4.0,8.0,15.0,28.0,13.0,24.0,17.0,9.0,10.0,30.0,9.0,23.0,15.0,47.0,39.0,21.0,25.0,47.0,15.0,12.0,40.0,20.0,32.0,18.0,29.0,23.0,29.0,45.0,33.0,24.0,22.0,48.0,32.0,46.0,18.0,74.0,60.0,65.0,35.0,62.0,65.0,52.0,69.0,61.0,38.0,38.0,95.0,69.0,51.0,85.0,78.0,61.0,103.0,86.0,77.0,91.0,105.0,106.0,140.0,114.0,131.0,154.0,134.0,144.0,185.0,192.0,215.0,221.0,248.0,307.0,292.0,308.0,372.0,451.0,426.0,709.0
0.55,4.0,3.0,2.0,4.0,6.0,4.0,6.0,4.0,5.0,22.0,26.0,6.0,11.0,24.0,28.0,10.0,6.0,7.0,10.0,4.0,3.0,9.0,27.0,6.0,30.0,4.0,7.0,20.0,45.0,28.0,32.0,39.0,41.0,23.0,11.0,32.0,45.0,6.0,30.0,40.0,24.0,11.0,33.0,22.0,12.0,36.0,30.0,40.0,51.0,13.0,58.0,18.0,23.0,41.0,25.0,41.0,45.0,60.0,51.0,60.0,74.0,41.0,49.0,57.0,80.0,68.0,63.0,67.0,70.0,74.0,69.0,63.0,83.0,64.0,87.0,70.0,80.0,67.0,118.0,118.0,126.0,119.0,138.0,143.0,132.0,149.0,184.0,167.0,136.0,148.0,191.0,193.0,214.0,224.0,295.0,308.0,411.0,433.0,502.0,740.0
0.56,3.0,6.0,32.0,5.0,3.0,2.0,5.0,6.0,3.0,5.0,4.0,6.0,1.0,12.0,5.0,3.0,14.0,9.0,9.0,4.0,7.0,8.0,29.0,5.0,6.0,5.0,8.0,9.0,9.0,5.0,27.0,16.0,13.0,8.0,32.0,11.0,30.0,27.0,20.0,28.0,13.0,26.0,34.0,32.0,16.0,25.0,15.0,52.0,34.0,38.0,25.0,49.0,31.0,35.0,23.0,16.0,52.0,38.0,45.0,62.0,47.0,41.0,33.0,76.0,27.0,33.0,55.0,50.0,55.0,53.0,63.0,79.0,60.0,77.0,86.0,84.0,86.0,77.0,79.0,91.0,89.0,89.0,104.0,145.0,122.0,128.0,138.0,142.0,166.0,178.0,210.0,195.0,272.0,245.0,269.0,318.0,402.0,375.0,504.0,635.0
0.57,5.0,6.0,3.0,4.0,5.0,5.0,2.0,7.0,7.0,3.0,8.0,2.0,4.0,3.0,12.0,2.0,18.0,23.0,8.0,2.0,15.0,13.0,15.0,5.0,11.0,11.0,11.0,21.0,7.0,16.0,4.0,13.0,8.0,12.0,35.0,31.0,9.0,20.0,32.0,49.0,40.0,25.0,18.0,39.0,46.0,26.0,44.0,24.0,40.0,47.0,40.0,33.0,39.0,34.0,50.0,34.0,55.0,29.0,37.0,53.0,29.0,38.0,46.0,60.0,62.0,41.0,78.0,83.0,68.0,42.0,83.0,66.0,85.0,95.0,86.0,62.0,76.0,98.0,115.0,116.0,103.0,92.0,117.0,142.0,126.0,126.0,138.0,162.0,133.0,185.0,195.0,196.0,245.0,241.0,270.0,245.0,346.0,388.0,494.0,733.0
0.58,2.0,6.0,4.0,3.0,4.0,4.0,4.0,3.0,6.0,6.0,7.0,5.0,5.0,9.0,16.0,5.0,7.0,11.0,5.0,8.0,4.0,5.0,15.0,10.0,6.0,9.0,5.0,23.0,39.0,6.0,36.0,30.0,4.0,6.0,8.0,18.0,35.0,23.0,33.0,22.0,36.0,28.0,25.0,17.0,24.0,13.0,15.0,46.0,53.0,11.0,45.0,48.0,40.0,48.0,32.0,26.0,51.0,52.0,53.0,51.0,50.0,64.0,67.0,44.0,40.0,44.0,26.0,49.0,37.0,76.0,84.0,40.0,86.0,79.0,74.0,85.0,94.0,115.0,85.0,90.0,117.0,96.0,69.0,137.0,86.0,167.0,151.0,129.0,151.0,165.0,160.0,183.0,182.0,238.0,224.0,304.0,259.0,476.0,493.0,605.0
0.59,5.0,6.0,2.0,4.0,3.0,5.0,3.0,22.0,6.0,2.0,8.0,6.0,4.0,7.0,6.0,5.0,4.0,8.0,17.0,4.0,28.0,10.0,10.0,39.0,32.0,7.0,12.0,9.0,12.0,3.0,7.0,8.0,23.0,21.0,11.0,7.0,14.0,25.0,23.0,11.0,32.0,49.0,23.0,35.0,45.0,26.0,35.0,31.0,28.0,13.0,46.0,33.0,16.0,40.0,20.0,24.0,32.0,47.0,44.0,43.0,34.0,43.0,37.0,32.0,77.0,26.0,64.0,46.0,57.0,73.0,71.0,45.0,83.0,75.0,70.0,80.0,96.0,99.0,98.0,145.0,105.0,136.0,121.0,98.0,124.0,129.0,140.0,135.0,162.0,198.0,192.0,205.0,257.0,250.0,259.0,280.0,392.0,465.0,456.0,537.0
0.6,5.0,5.0,3.0,5.0,5.0,7.0,5.0,9.0,6.0,4.0,5.0,10.0,6.0,6.0,13.0,5.0,9.0,10.0,8.0,7.0,4.0,5.0,4.0,13.0,15.0,12.0,30.0,7.0,4.0,21.0,22.0,12.0,11.0,45.0,15.0,13.0,25.0,12.0,17.0,21.0,11.0,39.0,39.0,13.0,42.0,23.0,8.0,31.0,36.0,48.0,16.0,31.0,51.0,23.0,41.0,49.0,53.0,25.0,59.0,20.0,76.0,68.0,35.0,50.0,64.0,49.0,70.0,61.0,58.0,77.0,42.0,79.0,57.0,54.0,82.0,77.0,68.0,76.0,90.0,112.0,103.0,121.0,103.0,119.0,105.0,109.0,122.0,149.0,151.0,141.0,187.0,174.0,200.0,176.0,255.0,276.0,363.0,353.0,461.0,644.0
0.61,2.0,7.0,7.0,3.0,4.0,4.0,6.0,4.0,6.0,3.0,5.0,5.0,17.0,3.0,6.0,4.0,6.0,8.0,5.0,35.0,6.0,5.0,14.0,9.0,9.0,5.0,16.0,18.0,6.0,13.0,37.0,21.0,25.0,37.0,10.0,8.0,5.0,12.0,5.0,7.0,39.0,14.0,14.0,30.0,19.0,36.0,10.0,28.0,43.0,31.0,29.0,45.0,41.0,40.0,30.0,35.0,25.0,37.0,49.0,32.0,23.0,26.0,58.0,28.0,48.0,45.0,52.0,73.0,41.0,55.0,42.0,59.0,75.0,46.0,81.0,67.0,81.0,60.0,70.0,97.0,88.0,75.0,120.0,140.0,111.0,141.0,125.0,161.0,129.0,161.0,158.0,149.0,187.0,208.0,266.0,270.0,334.0,416.0,448.0,628.0
0.62,8.0,3.0,4.0,4.0,6.0,6.0,4.0,5.0,2.0,4.0,8.0,9.0,6.0,10.0,6.0,7.0,3.0,10.0,11.0,18.0,9.0,2.0,13.0,30.0,7.0,8.0,9.0,7.0,21.0,8.0,23.0,13.0,12.0,21.0,5.0,23.0,26.0,14.0,12.0,32.0,7.0,7.0,32.0,27.0,33.0,17.0,12.0,30.0,11.0,28.0,26.0,42.0,11.0,37.0,17.0,42.0,49.0,68.0,36.0,19.0,39.0,32.0,38.0,49.0,63.0,60.0,56.0,77.0,62.0,46.0,64.0,83.0,66.0,58.0,78.0,63.0,81.0,79.0,57.0,81.0,83.0,102.0,68.0,90.0,117.0,121.0,111.0,147.0,191.0,139.0,159.0,182.0,172.0,200.0,246.0,268.0,274.0,360.0,455.0,525.0
0.63,5.0,2.0,2.0,3.0,4.0,5.0,6.0,4.0,4.0,18.0,6.0,9.0,8.0,4.0,10.0,28.0,20.0,15.0,6.0,3.0,9.0,11.0,4.0,4.0,22.0,4.0,31.0,13.0,13.0,5.0,22.0,7.0,18.0,24.0,26.0,9.0,14.0,15.0,22.0,25.0,21.0,27.0,18.0,22.0,48.0,30.0,28.0,31.0,45.0,30.0,36.0,24.0,29.0,54.0,24.0,20.0,48.0,29.0,40.0,42.0,26.0,40.0,53.0,34.0,38.0,40.0,69.0,50.0,65.0,58.0,51.0,49.0,57.0,85.0,57.0,91.0,76.0,55.0,86.0,84.0,58.0,81.0,97.0,131.0,107.0,123.0,133.0,130.0,132.0,171.0,160.0,141.0,179.0,197.0,259.0,236.0,267.0,385.0,467.0,503.0
0.64,5.0,4.0,6.0,4.0,4.0,5.0,5.0,9.0,4.0,4.0,19.0,4.0,4.0,18.0,24.0,5.0,11.0,8.0,8.0,11.0,26.0,8.0,6.0,8.0,13.0,16.0,18.0,6.0,16.0,7.0,1.0,8.0,13.0,14.0,16.0,25.0,10.0,13.0,27.0,7.0,21.0,36.0,12.0,26.0,32.0,23.0,21.0,14.0,38.0,50.0,37.0,13.0,49.0,51.0,26.0,37.0,33.0,38.0,27.0,43.0,36.0,31.0,44.0,67.0,37.0,29.0,54.0,33.0,58.0,59.0,32.0,49.0,60.0,62.0,54.0,63.0,61.0,87.0,81.0,71.0,103.0,97.0,77.0,105.0,125.0,114.0,127.0,134.0,107.0,134.0,187.0,191.0,169.0,225.0,201.0,268.0,378.0,328.0,467.0,598.0
0.65,7.0,4.0,4.0,6.0,4.0,5.0,5.0,4.0,5.0,8.0,7.0,8.0,5.0,4.0,9.0,4.0,12.0,7.0,21.0,4.0,5.0,10.0,9.0,7.0,32.0,12.0,7.0,17.0,32.0,13.0,9.0,26.0,9.0,38.0,14.0,7.0,12.0,25.0,27.0,9.0,22.0,28.0,31.0,16.0,26.0,32.0,19.0,14.0,32.0,30.0,35.0,40.0,13.0,43.0,39.0,25.0,49.0,24.0,41.0,26.0,49.0,33.0,39.0,47.0,58.0,52.0,39.0,63.0,66.0,48.0,59.0,51.0,54.0,52.0,73.0,38.0,48.0,81.0,58.0,31.0,90.0,90.0,101.0,108.0,102.0,87.0,130.0,108.0,124.0,138.0,147.0,117.0,176.0,167.0,190.0,269.0,330.0,326.0,409.0,548.0
0.66,4.0,6.0,5.0,8.0,5.0,14.0,3.0,11.0,6.0,6.0,18.0,4.0,6.0,23.0,10.0,22.0,9.0,6.0,22.0,8.0,19.0,25.0,13.0,6.0,9.0,7.0,32.0,10.0,9.0,13.0,21.0,11.0,21.0,10.0,20.0,24.0,13.0,21.0,32.0,15.0,32.0,36.0,15.0,15.0,23.0,29.0,30.0,13.0,44.0,33.0,30.0,16.0,27.0,43.0,39.0,38.0,42.0,61.0,37.0,36.0,53.0,52.0,39.0,57.0,48.0,54.0,59.0,52.0,64.0,44.0,68.0,57.0,54.0,76.0,39.0,90.0,70.0,74.0,77.0,81.0,74.0,85.0,64.0,102.0,100.0,98.0,96.0,144.0,122.0,103.0,188.0,151.0,184.0,185.0,188.0,246.0,257.0,318.0,387.0,567.0
0.67,3.0,4.0,7.0,7.0,4.0,7.0,7.0,5.0,4.0,15.0,10.0,6.0,9.0,6.0,5.0,6.0,4.0,8.0,7.0,30.0,6.0,5.0,14.0,22.0,12.0,8.0,9.0,4.0,10.0,22.0,7.0,23.0,9.0,6.0,7.0,19.0,16.0,14.0,27.0,23.0,32.0,31.0,27.0,43.0,27.0,17.0,18.0,15.0,20.0,42.0,25.0,31.0,32.0,25.0,25.0,49.0,28.0,40.0,28.0,34.0,29.0,31.0,59.0,40.0,39.0,59.0,34.0,47.0,46.0,56.0,60.0,47.0,71.0,84.0,68.0,72.0,67.0,68.0,82.0,99.0,72.0,95.0,81.0,89.0,111.0,102.0,101.0,136.0,123.0,108.0,139.0,144.0,146.0,201.0,245.0,220.0,247.0,289.0,339.0,623.0
0.68,3.0,19.0,4.0,8.0,5.0,5.0,6.0,5.0,11.0,7.0,3.0,8.0,3.0,3.0,9.0,6.0,8.0,5.0,8.0,6.0,7.0,15.0,5.0,22.0,15.0,13.0,27.0,9.0,37.0,8.0,7.0,15.0,12.0,10.0,44.0,14.0,6.0,9.0,17.0,10.0,30.0,31.0,15.0,22.0,21.0,41.0,10.0,17.0,16.0,32.0,32.0,41.0,22.0,37.0,18.0,25.0,60.0,34.0,24.0,37.0,46.0,39.0,33.0,36.0,43.0,53.0,57.0,20.0,35.0,23.0,59.0,49.0,60.0,75.0,56.0,61.0,80.0,75.0,81.0,74.0,70.0,77.0,111.0,97.0,95.0,99.0,124.0,90.0,107.0,124.0,153.0,149.0,117.0,195.0,191.0,261.0,253.0,311.0,431.0,590.0
0.69,4.0,2.0,5.0,9.0,18.0,9.0,4.0,18.0,6.0,4.0,2.0,8.0,4.0,9.0,16.0,14.0,7.0,5.0,1.0,16.0,6.0,12.0,9.0,11.0,18.0,20.0,19.0,19.0,12.0,21.0,16.0,20.0,14.0,17.0,10.0,11.0,17.0,27.0,15.0,11.0,19.0,38.0,22.0,33.0,16.0,23.0,35.0,20.0,46.0,43.0,34.0,29.0,26.0,15.0,27.0,52.0,19.0,22.0,20.0,37.0,18.0,54.0,44.0,60.0,33.0,19.0,35.0,48.0,65.0,43.0,48.0,67.0,51.0,48.0,73.0,66.0,83.0,81.0,90.0,77.0,66.0,84.0,94.0,102.0,89.0,122.0,107.0,101.0,103.0,124.0,122.0,168.0,214.0,181.0,177.0,273.0,221.0,282.0,368.0,528.0
0.7,2.0,3.0,5.0,2.0,6.0,19.0,4.0,6.0,6.0,6.0,6.0,4.0,20.0,3.0,10.0,10.0,2.0,8.0,5.0,11.0,5.0,11.0,6.0,4.0,29.0,4.0,6.0,11.0,22.0,8.0,10.0,12.0,13.0,12.0,20.0,23.0,29.0,17.0,13.0,14.0,22.0,8.0,19.0,15.0,29.0,27.0,30.0,13.0,23.0,33.0,18.0,15.0,41.0,35.0,22.0,33.0,29.0,22.0,23.0,27.0,45.0,38.0,48.0,41.0,36.0,37.0,60.0,61.0,58.0,52.0,53.0,39.0,61.0,52.0,74.0,62.0,65.0,67.0,66.0,70.0,60.0,87.0,94.0,101.0,79.0,128.0,85.0,88.0,145.0,114.0,129.0,160.0,148.0,218.0,211.0,192.0,209.0,274.0,366.0,439.0
0.71,4.0,7.0,6.0,6.0,3.0,6.0,7.0,6.0,15.0,4.0,14.0,7.0,15.0,8.0,8.0,3.0,9.0,3.0,4.0,6.0,18.0,21.0,17.0,9.0,16.0,10.0,6.0,11.0,25.0,11.0,27.0,13.0,22.0,10.0,26.0,11.0,11.0,11.0,13.0,15.0,18.0,10.0,18.0,8.0,33.0,18.0,19.0,28.0,12.0,14.0,14.0,21.0,37.0,38.0,19.0,40.0,43.0,29.0,28.0,33.0,41.0,44.0,31.0,20.0,56.0,63.0,41.0,39.0,48.0,43.0,36.0,41.0,38.0,63.0,63.0,85.0,56.0,56.0,53.0,48.0,58.0,66.0,66.0,114.0,84.0,110.0,87.0,97.0,107.0,121.0,185.0,139.0,158.0,167.0,222.0,187.0,227.0,286.0,297.0,433.0
0.72,7.0,4.0,5.0,7.0,9.0,8.0,6.0,5.0,7.0,12.0,7.0,18.0,4.0,16.0,5.0,3.0,7.0,4.0,11.0,22.0,21.0,19.0,8.0,22.0,5.0,21.0,13.0,10.0,29.0,6.0,11.0,23.0,16.0,22.0,8.0,11.0,26.0,29.0,23.0,9.0,20.0,13.0,28.0,24.0,27.0,43.0,15.0,9.0,20.0,17.0,16.0,33.0,25.0,19.0,20.0,28.0,28.0,45.0,28.0,49.0,32.0,41.0,32.0,28.0,26.0,51.0,30.0,40.0,36.0,40.0,49.0,44.0,55.0,64.0,49.0,55.0,37.0,54.0,80.0,67.0,69.0,75.0,87.0,94.0,67.0,93.0,87.0,99.0,88.0,108.0,128.0,123.0,129.0,159.0,172.0,250.0,257.0,313.0,323.0,507.0
0.73,6.0,6.0,2.0,4.0,5.0,4.0,7.0,7.0,2.0,9.0,10.0,6.0,6.0,4.0,9.0,3.0,8.0,3.0,6.0,21.0,18.0,7.0,5.0,29.0,13.0,10.0,4.0,8.0,7.0,8.0,12.0,22.0,22.0,19.0,17.0,9.0,16.0,22.0,22.0,11.0,15.0,29.0,25.0,32.0,15.0,19.0,18.0,13.0,17.0,35.0,15.0,35.0,28.0,32.0,29.0,26.0,32.0,35.0,18.0,26.0,26.0,32.0,43.0,28.0,43.0,53.0,48.0,32.0,32.0,31.0,49.0,57.0,41.0,36.0,37.0,65.0,62.0,66.0,71.0,79.0,65.0,59.0,52.0,86.0,102.0,72.0,96.0,85.0,109.0,111.0,136.0,91.0,121.0,139.0,173.0,190.0,211.0,318.0,324.0,461.0
0.74,4.0,1.0,3.0,5.0,4.0,7.0,5.0,5.0,19.0,18.0,6.0,18.0,5.0,7.0,9.0,4.0,5.0,3.0,7.0,6.0,6.0,12.0,10.0,6.0,9.0,8.0,7.0,12.0,31.0,7.0,14.0,10.0,20.0,21.0,23.0,26.0,26.0,16.0,14.0,11.0,16.0,22.0,22.0,24.0,19.0,26.0,18.0,16.0,16.0,16.0,42.0,13.0,31.0,30.0,24.0,33.0,36.0,42.0,20.0,23.0,9.0,28.0,29.0,22.0,32.0,39.0,52.0,25.0,57.0,39.0,64.0,56.0,53.0,48.0,63.0,53.0,69.0,40.0,25.0,75.0,54.0,53.0,83.0,62.0,88.0,82.0,83.0,99.0,78.0,108.0,127.0,124.0,109.0,111.0,178.0,208.0,237.0,240.0,326.0,368.0
0.75,5.0,11.0,6.0,4.0,4.0,4.0,7.0,10.0,4.0,6.0,9.0,4.0,8.0,6.0,14.0,6.0,21.0,8.0,11.0,4.0,11.0,1.0,7.0,5.0,6.0,11.0,6.0,21.0,12.0,21.0,9.0,17.0,16.0,20.0,12.0,31.0,13.0,17.0,31.0,20.0,33.0,14.0,24.0,15.0,43.0,25.0,24.0,15.0,29.0,26.0,32.0,25.0,29.0,17.0,16.0,31.0,31.0,20.0,44.0,35.0,39.0,26.0,40.0,41.0,15.0,45.0,31.0,41.0,51.0,61.0,47.0,29.0,45.0,61.0,42.0,28.0,45.0,53.0,59.0,58.0,38.0,63.0,70.0,78.0,53.0,96.0,92.0,95.0,91.0,119.0,88.0,116.0,133.0,140.0,174.0,258.0,189.0,250.0,268.0,452.0
0.76,3.0,6.0,4.0,3.0,4.0,6.0,3.0,4.0,6.0,5.0,3.0,6.0,16.0,3.0,9.0,12.0,8.0,4.0,9.0,5.0,5.0,12.0,12.0,10.0,17.0,8.0,21.0,5.0,7.0,16.0,9.0,23.0,15.0,19.0,13.0,14.0,15.0,23.0,12.0,17.0,15.0,3.0,19.0,19.0,16.0,22.0,9.0,16.0,5.0,23.0,29.0,18.0,31.0,18.0,16.0,34.0,25.0,22.0,30.0,41.0,17.0,36.0,43.0,29.0,26.0,42.0,44.0,36.0,44.0,43.0,48.0,36.0,38.0,45.0,56.0,62.0,66.0,47.0,46.0,48.0,100.0,50.0,79.0,82.0,76.0,99.0,95.0,85.0,88.0,84.0,103.0,114.0,158.0,176.0,130.0,151.0,170.0,283.0,273.0,333.0
0.77,4.0,4.0,4.0,4.0,6.0,6.0,4.0,8.0,6.0,8.0,6.0,4.0,13.0,22.0,3.0,4.0,7.0,11.0,3.0,4.0,9.0,12.0,14.0,9.0,9.0,21.0,4.0,10.0,12.0,16.0,18.0,15.0,25.0,16.0,15.0,13.0,8.0,25.0,16.0,11.0,14.0,24.0,15.0,31.0,10.0,17.0,16.0,27.0,26.0,26.0,24.0,10.0,34.0,27.0,38.0,9.0,33.0,16.0,32.0,27.0,28.0,29.0,19.0,36.0,22.0,29.0,40.0,60.0,31.0,39.0,42.0,52.0,51.0,43.0,29.0,50.0,42.0,46.0,61.0,55.0,74.0,61.0,84.0,75.0,84.0,65.0,89.0,71.0,116.0,82.0,106.0,114.0,116.0,147.0,157.0,146.0,182.0,179.0,291.0,387.0
0.78,6.0,8.0,6.0,4.0,3.0,4.0,7.0,5.0,10.0,5.0,7.0,7.0,7.0,9.0,7.0,10.0,12.0,9.0,26.0,9.0,6.0,4.0,11.0,15.0,12.0,11.0,11.0,23.0,8.0,12.0,7.0,24.0,8.0,15.0,12.0,14.0,16.0,12.0,19.0,22.0,9.0,18.0,28.0,21.0,19.0,22.0,11.0,21.0,9.0,22.0,12.0,16.0,30.0,21.0,34.0,12.0,19.0,26.0,25.0,27.0,27.0,20.0,22.0,35.0,19.0,34.0,38.0,33.0,49.0,46.0,38.0,59.0,32.0,52.0,46.0,42.0,46.0,56.0,49.0,49.0,77.0,69.0,61.0,65.0,75.0,90.0,77.0,78.0,87.0,71.0,108.0,96.0,143.0,138.0,154.0,135.0,160.0,204.0,263.0,364.0
0.79,6.0,9.0,6.0,5.0,3.0,3.0,5.0,7.0,18.0,5.0,8.0,9.0,6.0,5.0,5.0,3.0,12.0,9.0,7.0,6.0,9.0,5.0,13.0,1.0,8.0,9.0,5.0,9.0,23.0,10.0,10.0,16.0,18.0,12.0,22.0,6.0,15.0,10.0,10.0,21.0,9.0,21.0,11.0,20.0,20.0,5.0,30.0,25.0,25.0,27.0,20.0,14.0,18.0,27.0,20.0,22.0,18.0,33.0,22.0,36.0,24.0,43.0,29.0,36.0,39.0,37.0,43.0,48.0,30.0,33.0,36.0,35.0,49.0,31.0,43.0,38.0,54.0,45.0,48.0,58.0,47.0,61.0,42.0,70.0,75.0,72.0,71.0,82.0,81.0,90.0,84.0,102.0,120.0,119.0,122.0,142.0,160.0,228.0,268.0,363.0
0.8,4.0,10.0,5.0,5.0,4.0,4.0,7.0,5.0,5.0,7.0,3.0,7.0,7.0,5.0,5.0,5.0,7.0,9.0,4.0,6.0,12.0,8.0,8.0,10.0,12.0,15.0,7.0,12.0,11.0,12.0,8.0,12.0,6.0,17.0,9.0,21.0,15.0,12.0,14.0,9.0,22.0,14.0,18.0,24.0,20.0,15.0,21.0,19.0,21.0,20.0,18.0,22.0,17.0,19.0,18.0,26.0,30.0,33.0,26.0,23.0,43.0,25.0,26.0,22.0,26.0,24.0,40.0,36.0,32.0,36.0,40.0,22.0,37.0,63.0,33.0,58.0,40.0,48.0,61.0,62.0,48.0,43.0,55.0,74.0,59.0,91.0,65.0,80.0,68.0,91.0,80.0,95.0,101.0,107.0,134.0,148.0,160.0,197.0,241.0,325.0
0.81,4.0,3.0,4.0,4.0,5.0,5.0,8.0,5.0,5.0,4.0,3.0,7.0,7.0,10.0,11.0,6.0,4.0,9.0,12.0,5.0,3.0,6.0,5.0,14.0,9.0,15.0,2.0,7.0,10.0,6.0,7.0,21.0,6.0,10.0,5.0,4.0,22.0,24.0,8.0,18.0,23.0,18.0,14.0,9.0,10.0,20.0,41.0,14.0,26.0,16.0,31.0,12.0,21.0,13.0,19.0,17.0,10.0,12.0,20.0,35.0,22.0,26.0,32.0,23.0,27.0,27.0,39.0,21.0,38.0,34.0,32.0,38.0,46.0,44.0,29.0,38.0,20.0,40.0,60.0,52.0,48.0,51.0,71.0,61.0,67.0,53.0,78.0,56.0,85.0,70.0,96.0,91.0,121.0,120.0,132.0,120.0,178.0,237.0,210.0,326.0
0.82,7.0,10.0,7.0,6.0,3.0,5.0,4.0,8.0,6.0,10.0,5.0,6.0,9.0,6.0,8.0,5.0,7.0,8.0,17.0,5.0,6.0,17.0,8.0,7.0,10.0,19.0,7.0,11.0,3.0,11.0,10.0,9.0,15.0,6.0,10.0,15.0,15.0,11.0,20.0,18.0,15.0,9.0,12.0,17.0,13.0,16.0,19.0,27.0,9.0,12.0,24.0,29.0,16.0,15.0,14.0,25.0,20.0,25.0,23.0,19.0,35.0,23.0,30.0,28.0,21.0,25.0,15.0,24.0,43.0,38.0,35.0,47.0,44.0,37.0,30.0,38.0,40.0,39.0,48.0,65.0,57.0,59.0,68.0,48.0,61.0,49.0,41.0,49.0,69.0,70.0,94.0,86.0,77.0,92.0,107.0,115.0,149.0,236.0,198.0,290.0
0.83,6.0,7.0,6.0,6.0,7.0,7.0,4.0,5.0,8.0,6.0,9.0,5.0,13.0,6.0,5.0,7.0,7.0,7.0,8.0,8.0,7.0,11.0,8.0,8.0,6.0,8.0,16.0,17.0,6.0,10.0,12.0,17.0,5.0,5.0,8.0,19.0,9.0,19.0,8.0,18.0,19.0,17.0,14.0,23.0,20.0,11.0,22.0,22.0,8.0,20.0,22.0,24.0,11.0,16.0,18.0,26.0,19.0,14.0,24.0,27.0,24.0,23.0,31.0,31.0,28.0,23.0,29.0,24.0,33.0,39.0,34.0,29.0,27.0,25.0,33.0,31.0,42.0,39.0,56.0,35.0,38.0,52.0,41.0,43.0,54.0,61.0,78.0,72.0,102.0,64.0,63.0,101.0,95.0,125.0,117.0,142.0,131.0,169.0,214.0,280.0
0.84,3.0,3.0,5.0,8.0,4.0,7.0,10.0,11.0,6.0,4.0,4.0,7.0,4.0,5.0,7.0,7.0,9.0,7.0,9.0,7.0,5.0,10.0,11.0,11.0,16.0,10.0,13.0,12.0,9.0,10.0,5.0,7.0,20.0,17.0,8.0,10.0,8.0,19.0,8.0,11.0,16.0,18.0,15.0,6.0,22.0,28.0,20.0,33.0,16.0,11.0,22.0,23.0,14.0,17.0,13.0,11.0,27.0,20.0,20.0,24.0,23.0,12.0,19.0,27.0,32.0,29.0,31.0,26.0,28.0,43.0,29.0,33.0,44.0,30.0,36.0,42.0,44.0,38.0,58.0,49.0,53.0,40.0,56.0,50.0,61.0,62.0,58.0,63.0,67.0,88.0,88.0,78.0,93.0,91.0,110.0,118.0,136.0,144.0,183.0,256.0
0.85,7.0,5.0,3.0,8.0,5.0,6.0,6.0,5.0,11.0,8.0,3.0,6.0,11.0,17.0,6.0,2.0,11.0,7.0,12.0,7.0,8.0,8.0,10.0,6.0,8.0,9.0,5.0,5.0,7.0,25.0,8.0,16.0,9.0,20.0,11.0,12.0,8.0,8.0,20.0,16.0,7.0,20.0,9.0,19.0,13.0,14.0,22.0,11.0,13.0,23.0,28.0,14.0,7.0,22.0,19.0,21.0,23.0,14.0,22.0,20.0,15.0,24.0,25.0,22.0,29.0,41.0,32.0,25.0,34.0,21.0,33.0,21.0,25.0,30.0,38.0,45.0,33.0,28.0,32.0,44.0,42.0,53.0,51.0,55.0,57.0,68.0,58.0,60.0,65.0,77.0,69.0,90.0,106.0,83.0,98.0,114.0,151.0,146.0,187.0,249.0
0.86,3.0,6.0,7.0,10.0,5.0,9.0,6.0,7.0,6.0,9.0,3.0,9.0,5.0,1.0,9.0,5.0,3.0,6.0,8.0,9.0,23.0,9.0,10.0,14.0,5.0,8.0,18.0,9.0,13.0,7.0,12.0,11.0,3.0,8.0,8.0,16.0,13.0,5.0,10.0,13.0,13.0,16.0,14.0,18.0,11.0,15.0,9.0,19.0,19.0,17.0,15.0,15.0,23.0,15.0,18.0,10.0,18.0,24.0,17.0,24.0,13.0,15.0,18.0,23.0,35.0,33.0,37.0,21.0,21.0,19.0,24.0,33.0,24.0,37.0,26.0,29.0,39.0,39.0,26.0,32.0,43.0,39.0,53.0,42.0,53.0,45.0,42.0,57.0,52.0,59.0,73.0,71.0,74.0,83.0,91.0,131.0,138.0,157.0,195.0,243.0
0.87,2.0,10.0,10.0,5.0,6.0,6.0,4.0,6.0,9.0,10.0,6.0,9.0,9.0,3.0,10.0,8.0,11.0,8.0,7.0,6.0,8.0,10.0,8.0,15.0,12.0,11.0,12.0,10.0,11.0,10.0,8.0,6.0,9.0,13.0,12.0,12.0,7.0,7.0,12.0,12.0,16.0,26.0,14.0,9.0,11.0,11.0,8.0,19.0,19.0,24.0,15.0,19.0,19.0,21.0,21.0,19.0,26.0,13.0,20.0,14.0,17.0,19.0,14.0,21.0,22.0,33.0,28.0,35.0,25.0,33.0,20.0,29.0,37.0,38.0,25.0,26.0,31.0,37.0,28.0,32.0,47.0,41.0,44.0,32.0,54.0,41.0,55.0,56.0,49.0,67.0,54.0,78.0,98.0,107.0,110.0,127.0,127.0,133.0,168.0,223.0
0.88,4.0,8.0,5.0,8.0,5.0,5.0,4.0,5.0,13.0,7.0,8.0,5.0,10.0,5.0,4.0,6.0,8.0,6.0,10.0,5.0,5.0,9.0,5.0,10.0,9.0,9.0,7.0,7.0,7.0,10.0,15.0,9.0,10.0,14.0,15.0,5.0,12.0,16.0,16.0,10.0,8.0,12.0,12.0,9.0,14.0,7.0,15.0,7.0,8.0,13.0,14.0,20.0,13.0,16.0,24.0,11.0,19.0,12.0,18.0,26.0,18.0,28.0,19.0,9.0,28.0,24.0,18.0,30.0,22.0,19.0,40.0,24.0,30.0,39.0,40.0,24.0,30.0,33.0,45.0,36.0,27.0,49.0,33.0,31.0,33.0,44.0,41.0,43.0,57.0,53.0,59.0,73.0,72.0,87.0,89.0,84.0,131.0,154.0,144.0,194.0
0.89,6.0,9.0,9.0,7.0,5.0,9.0,2.0,3.0,8.0,5.0,8.0,10.0,12.0,9.0,7.0,6.0,7.0,7.0,4.0,7.0,10.0,2.0,11.0,14.0,13.0,11.0,8.0,13.0,12.0,8.0,11.0,7.0,7.0,9.0,12.0,7.0,16.0,11.0,10.0,14.0,14.0,10.0,14.0,17.0,16.0,10.0,11.0,18.0,19.0,10.0,15.0,17.0,16.0,23.0,15.0,15.0,22.0,20.0,25.0,15.0,17.0,9.0,10.0,21.0,21.0,26.0,28.0,23.0,22.0,30.0,26.0,42.0,39.0,30.0,25.0,32.0,28.0,35.0,24.0,34.0,36.0,35.0,39.0,19.0,33.0,48.0,43.0,57.0,38.0,40.0,53.0,49.0,59.0,62.0,67.0,99.0,107.0,130.0,138.0,181.0
0.9,2.0,9.0,5.0,7.0,6.0,8.0,5.0,13.0,8.0,6.0,9.0,8.0,7.0,5.0,8.0,9.0,7.0,9.0,7.0,11.0,9.0,14.0,15.0,15.0,6.0,9.0,7.0,5.0,8.0,17.0,16.0,7.0,12.0,8.0,6.0,14.0,14.0,11.0,14.0,19.0,11.0,15.0,12.0,11.0,26.0,14.0,19.0,11.0,14.0,15.0,18.0,14.0,23.0,21.0,13.0,20.0,27.0,17.0,14.0,22.0,20.0,16.0,21.0,18.0,25.0,22.0,33.0,28.0,17.0,22.0,23.0,27.0,21.0,16.0,34.0,29.0,29.0,34.0,27.0,31.0,35.0,41.0,37.0,32.0,51.0,26.0,49.0,43.0,39.0,63.0,59.0,73.0,55.0,61.0,74.0,65.0,102.0,106.0,115.0,207.0
0.91,4.0,9.0,9.0,8.0,10.0,5.0,6.0,11.0,7.0,9.0,1.0,8.0,11.0,10.0,7.0,10.0,9.0,4.0,8.0,8.0,4.0,14.0,16.0,8.0,8.0,12.0,6.0,8.0,8.0,12.0,12.0,8.0,7.0,12.0,11.0,16.0,21.0,9.0,11.0,12.0,11.0,9.0,22.0,15.0,12.0,12.0,13.0,13.0,18.0,26.0,13.0,11.0,18.0,12.0,18.0,13.0,17.0,18.0,24.0,15.0,23.0,17.0,19.0,21.0,22.0,15.0,28.0,22.0,20.0,17.0,15.0,19.0,22.0,24.0,24.0,31.0,27.0,31.0,28.0,32.0,23.0,27.0,32.0,38.0,30.0,32.0,44.0,40.0,39.0,51.0,51.0,59.0,48.0,49.0,75.0,88.0,63.0,87.0,150.0,165.0
0.92,8.0,4.0,3.0,9.0,5.0,8.0,12.0,6.0,10.0,5.0,10.0,6.0,15.0,10.0,6.0,13.0,6.0,6.0,11.0,12.0,10.0,16.0,14.0,8.0,7.0,6.0,17.0,14.0,10.0,8.0,7.0,13.0,6.0,11.0,15.0,8.0,10.0,14.0,11.0,14.0,13.0,14.0,11.0,12.0,16.0,17.0,9.0,12.0,10.0,13.0,16.0,11.0,7.0,22.0,15.0,17.0,12.0,24.0,13.0,26.0,19.0,13.0,18.0,17.0,17.0,19.0,18.0,23.0,19.0,34.0,23.0,19.0,17.0,23.0,25.0,21.0,26.0,34.0,25.0,19.0,28.0,27.0,26.0,26.0,30.0,28.0,44.0,59.0,57.0,27.0,54.0,48.0,55.0,56.0,51.0,77.0,70.0,86.0,93.0,128.0
0.93,6.0,4.0,6.0,10.0,10.0,8.0,12.0,6.0,6.0,9.0,9.0,8.0,8.0,9.0,18.0,10.0,10.0,8.0,12.0,12.0,7.0,13.0,9.0,9.0,10.0,9.0,3.0,12.0,5.0,12.0,15.0,13.0,7.0,12.0,11.0,8.0,10.0,10.0,13.0,14.0,5.0,7.0,10.0,11.0,11.0,13.0,19.0,16.0,9.0,14.0,12.0,8.0,22.0,18.0,7.0,17.0,18.0,17.0,24.0,20.0,11.0,16.0,17.0,14.0,23.0,9.0,22.0,13.0,24.0,18.0,17.0,24.0,14.0,22.0,24.0,28.0,22.0,24.0,24.0,36.0,17.0,24.0,24.0,37.0,36.0,26.0,34.0,33.0,37.0,40.0,37.0,54.0,57.0,50.0,45.0,65.0,65.0,89.0,101.0,112.0
0.94,7.0,4.0,12.0,10.0,7.0,10.0,9.0,5.0,7.0,4.0,8.0,6.0,11.0,9.0,8.0,7.0,5.0,11.0,12.0,8.0,9.0,9.0,5.0,11.0,13.0,8.0,5.0,9.0,13.0,17.0,14.0,12.0,13.0,17.0,19.0,7.0,11.0,15.0,12.0,17.0,15.0,12.0,14.0,7.0,9.0,15.0,13.0,17.0,12.0,13.0,7.0,15.0,11.0,14.0,16.0,8.0,17.0,14.0,11.0,6.0,21.0,16.0,30.0,23.0,10.0,17.0,16.0,16.0,16.0,15.0,21.0,26.0,20.0,16.0,29.0,16.0,26.0,20.0,22.0,31.0,30.0,26.0,26.0,17.0,25.0,29.0,25.0,38.0,37.0,28.0,40.0,37.0,35.0,42.0,58.0,53.0,67.0,75.0,68.0,94.0
0.95,8.0,7.0,6.0,6.0,4.0,10.0,10.0,10.0,11.0,9.0,6.0,11.0,5.0,8.0,11.0,7.0,7.0,13.0,6.0,4.0,7.0,14.0,9.0,9.0,15.0,16.0,8.0,6.0,9.0,11.0,9.0,13.0,11.0,10.0,5.0,14.0,9.0,11.0,11.0,10.0,12.0,10.0,13.0,13.0,9.0,7.0,20.0,10.0,7.0,14.0,11.0,15.0,14.0,16.0,7.0,9.0,10.0,10.0,14.0,20.0,10.0,10.0,14.0,12.0,10.0,16.0,15.0,18.0,13.0,21.0,14.0,24.0,22.0,21.0,21.0,24.0,25.0,21.0,18.0,15.0,17.0,22.0,35.0,33.0,24.0,35.0,34.0,29.0,39.0,36.0,35.0,36.0,33.0,37.0,46.0,47.0,49.0,66.0,84.0,92.0
0.96,5.0,8.0,6.0,8.0,9.0,6.0,7.0,9.0,13.0,12.0,7.0,5.0,2.0,8.0,8.0,11.0,8.0,8.0,8.0,5.0,4.0,9.0,6.0,6.0,10.0,13.0,10.0,7.0,13.0,14.0,9.0,11.0,9.0,10.0,16.0,11.0,8.0,7.0,17.0,11.0,13.0,5.0,10.0,6.0,11.0,13.0,8.0,10.0,10.0,9.0,11.0,11.0,14.0,17.0,8.0,11.0,14.0,13.0,13.0,10.0,8.0,12.0,7.0,12.0,19.0,11.0,13.0,20.0,24.0,9.0,19.0,9.0,17.0,21.0,24.0,21.0,14.0,21.0,30.0,18.0,24.0,21.0,25.0,27.0,28.0,19.0,16.0,30.0,34.0,28.0,32.0,39.0,28.0,39.0,44.0,56.0,50.0,49.0,58.0,87.0
0.97,9.0,9.0,8.0,8.0,9.0,6.0,8.0,6.0,9.0,11.0,5.0,6.0,7.0,8.0,6.0,11.0,12.0,9.0,8.0,15.0,7.0,10.0,8.0,11.0,6.0,8.0,7.0,10.0,9.0,9.0,10.0,10.0,8.0,8.0,10.0,13.0,12.0,10.0,12.0,7.0,8.0,6.0,9.0,5.0,6.0,5.0,7.0,16.0,18.0,12.0,15.0,14.0,12.0,14.0,8.0,10.0,13.0,16.0,11.0,9.0,13.0,10.0,18.0,12.0,22.0,17.0,17.0,14.0,13.0,8.0,16.0,16.0,17.0,11.0,17.0,19.0,22.0,20.0,10.0,23.0,24.0,19.0,15.0,16.0,25.0,23.0,36.0,18.0,18.0,15.0,18.0,29.0,28.0,31.0,34.0,35.0,27.0,40.0,47.0,69.0
0.98,12.0,4.0,10.0,3.0,11.0,10.0,12.0,7.0,4.0,11.0,7.0,12.0,8.0,8.0,9.0,8.0,10.0,2.0,6.0,6.0,11.0,9.0,16.0,11.0,8.0,10.0,8.0,9.0,14.0,8.0,10.0,6.0,6.0,10.0,8.0,7.0,8.0,11.0,11.0,4.0,13.0,10.0,5.0,11.0,9.0,9.0,14.0,13.0,19.0,9.0,8.0,11.0,9.0,9.0,8.0,12.0,10.0,7.0,9.0,16.0,19.0,11.0,16.0,11.0,15.0,11.0,13.0,17.0,15.0,12.0,15.0,13.0,10.0,14.0,12.0,16.0,19.0,15.0,17.0,15.0,13.0,21.0,20.0,17.0,22.0,27.0,24.0,24.0,26.0,16.0,19.0,20.0,21.0,19.0,28.0,28.0,31.0,41.0,37.0,42.0
0.99,13.0,10.0,11.0,7.0,4.0,12.0,4.0,4.0,8.0,6.0,6.0,9.0,6.0,8.0,7.0,5.0,8.0,5.0,12.0,15.0,10.0,6.0,4.0,10.0,5.0,9.0,12.0,5.0,8.0,15.0,7.0,6.0,9.0,7.0,7.0,7.0,4.0,11.0,12.0,13.0,4.0,2.0,10.0,6.0,6.0,3.0,15.0,7.0,7.0,10.0,12.0,12.0,9.0,10.0,15.0,16.0,4.0,8.0,2.0,5.0,11.0,10.0,8.0,15.0,15.0,7.0,13.0,8.0,12.0,7.0,12.0,7.0,9.0,13.0,13.0,11.0,12.0,17.0,16.0,11.0,11.0,16.0,7.0,16.0,15.0,18.0,17.0,17.0,12.0,21.0,19.0,22.0,18.0,16.0,16.0,18.0,22.0,21.0,17.0,18.0
